,cells_per_spot,factors_per_spot,combs_per_spot,gene_level_prior,PR_score_macro,ROC_score_macro,PR_score_micro,ROC_score_micro
LocationModelLinearDependentWMultiExperiment_1experiments_34clusters_4039locations_10241genes_defaults_ceps3_cps16_fps25_inf_shape01_gl2.0,3,25,16,2.0,0.6307361850553944,0.8612933890179671,0.5820062622733404,0.8373729221806436
LocationModelLinearDependentWMultiExperiment_1experiments_34clusters_4039locations_10241genes_defaults_ceps80_cps3_fps1_inf_shape01_gl3.0,80,1,3,3.0,0.708737615795938,0.9329915773372225,0.6297746599450178,0.8904784624156868
LocationModelLinearDependentWMultiExperiment_1experiments_34clusters_4039locations_10241genes_defaults_ceps10_cps3_fps16_inf_shape01_gl0.05,10,16,3,0.05,0.8317393024549258,0.9669648738048191,0.6819430123195963,0.9260262732712954
LocationModelLinearDependentWMultiExperiment_1experiments_34clusters_4039locations_10241genes_defaults_ceps25_cps25_fps1_inf_shape01_gl1.5,25,1,25,1.5,0.7782125661864966,0.9601735440084732,0.6606783961714765,0.9147774383942494
LocationModelLinearDependentWMultiExperiment_1experiments_34clusters_4039locations_10241genes_defaults_ceps3_cps1_fps5_inf_shape01_gl0.05,3,5,1,0.05,0.728725217771009,0.940483790415391,0.6387368074512165,0.9023411029642978
LocationModelLinearDependentWMultiExperiment_1experiments_34clusters_4039locations_10241genes_defaults_ceps3_cps5_fps1_inf_shape01_gl0.1,3,1,5,0.1,0.758037144608165,0.9553559063590983,0.6538005644558077,0.915550078773973
LocationModelLinearDependentWMultiExperiment_1experiments_34clusters_4039locations_10241genes_defaults_ceps1_cps16_fps40_inf_shape01_gl0.05,1,40,16,0.05,0.7618493249683245,0.9499312386453288,0.6672823975252529,0.9174378795445827
LocationModelLinearDependentWMultiExperiment_1experiments_34clusters_4039locations_10241genes_defaults_ceps10_cps16_fps1_inf_shape01_gl0.1,10,1,16,0.1,0.8274970900268549,0.9653963911145853,0.6850194785229871,0.9284160922479816
LocationModelLinearDependentWMultiExperiment_1experiments_34clusters_4039locations_10241genes_defaults_ceps80_cps40_fps10_inf_shape01_gl0.7,80,10,40,0.7,0.8353242792918615,0.9723978652615223,0.695735134063643,0.9323562183989301
LocationModelLinearDependentWMultiExperiment_1experiments_34clusters_4039locations_10241genes_defaults_ceps1_cps5_fps10_inf_shape01_gl0.05,1,10,5,0.05,0.6909226714947275,0.9227182690474982,0.6266660803377525,0.8913417793186756
LocationModelLinearDependentWMultiExperiment_1experiments_34clusters_4039locations_10241genes_defaults_ceps40_cps1_fps3_inf_shape01_gl0.1,40,3,1,0.1,0.7915587674163794,0.9555080257770637,0.6516635122965786,0.9176450884689218
LocationModelLinearDependentWMultiExperiment_1experiments_34clusters_4039locations_10241genes_defaults_ceps16_cps3_fps40_inf_shape01_gl2.0,16,40,3,2.0,0.6361085409855671,0.8701835083732029,0.5831344795625658,0.8408492509837698
LocationModelLinearDependentWMultiExperiment_1experiments_34clusters_4039locations_10241genes_defaults_ceps10_cps25_fps40_inf_shape01_gl0.5,10,40,25,0.5,0.7778245972279244,0.9588031422732745,0.6674427446384096,0.9178146998104438
LocationModelLinearDependentWMultiExperiment_1experiments_34clusters_4039locations_10241genes_defaults_ceps25_cps10_fps25_inf_shape01_gl0.05,25,25,10,0.05,0.8035080562890542,0.9573730267300719,0.6611926612757273,0.9202323249138875
LocationModelLinearDependentWMultiExperiment_1experiments_34clusters_4039locations_10241genes_defaults_ceps3_cps25_fps40_inf_shape01_gl3.0,3,40,25,3.0,0.6322902639202068,0.8600618369656218,0.5827772777551758,0.8370088891140723
LocationModelLinearDependentWMultiExperiment_1experiments_34clusters_4039locations_10241genes_defaults_ceps16_cps40_fps40_inf_shape01_gl0.1,16,40,40,0.1,0.8479377002094655,0.9714407554580832,0.6835013120816186,0.9288494496276833
LocationModelLinearDependentWMultiExperiment_1experiments_34clusters_4039locations_10241genes_defaults_ceps40_cps16_fps3_inf_shape01_gl1.0,40,3,16,1.0,0.8082984429758486,0.9657621532678532,0.6712105907407806,0.9188792944682898
LocationModelLinearDependentWMultiExperiment_1experiments_34clusters_4039locations_10241genes_defaults_ceps3_cps3_fps80_inf_shape01_gl0.7,3,80,3,0.7,0.6309351619167181,0.8615036540025142,0.5820745440917623,0.8364199139316937
LocationModelLinearDependentWMultiExperiment_1experiments_34clusters_4039locations_10241genes_defaults_ceps16_cps5_fps10_inf_shape01_gl1.0,16,10,5,1.0,0.7200457905166288,0.9360424100734178,0.6324772861497158,0.8948614961344862
LocationModelLinearDependentWMultiExperiment_1experiments_34clusters_4039locations_10241genes_defaults_ceps25_cps40_fps25_inf_shape01_gl0.7,25,25,40,0.7,0.8108811157623842,0.9650785206416762,0.6741940662967978,0.91944918938003
LocationModelLinearDependentWMultiExperiment_1experiments_34clusters_4039locations_10241genes_defaults_ceps80_cps1_fps40_inf_shape01_gl0.5,80,40,1,0.5,0.761364548536831,0.9364415878323767,0.6377467548589116,0.8994941617186638
LocationModelLinearDependentWMultiExperiment_1experiments_34clusters_4039locations_10241genes_defaults_ceps10_cps5_fps16_inf_shape01_gl0.7,10,16,5,0.7,0.7173261565863287,0.9387156585287001,0.6372601709961396,0.8975708744594593
LocationModelLinearDependentWMultiExperiment_1experiments_34clusters_4039locations_10241genes_defaults_ceps1_cps80_fps3_inf_shape01_gl0.7,1,3,80,0.7,0.6924876229720948,0.928514971880225,0.6249006239833159,0.897320277522436
LocationModelLinearDependentWMultiExperiment_1experiments_34clusters_4039locations_10241genes_defaults_ceps5_cps40_fps1_inf_shape01_gl0.1,5,1,40,0.1,0.8268199291786983,0.9664104401450503,0.686872872332446,0.9279082635063787
LocationModelLinearDependentWMultiExperiment_1experiments_34clusters_4039locations_10241genes_defaults_ceps80_cps10_fps1_inf_shape01_gl0.1,80,1,10,0.1,0.8102674708970286,0.9618586797337367,0.6640380901628916,0.9223415694155928
LocationModelLinearDependentWMultiExperiment_1experiments_34clusters_4039locations_10241genes_defaults_ceps3_cps80_fps40_inf_shape01_gl0.3,3,40,80,0.3,0.7670682800631079,0.9568388595748377,0.6666418778336471,0.9196228419590633
LocationModelLinearDependentWMultiExperiment_1experiments_34clusters_4039locations_10241genes_defaults_ceps10_cps3_fps16_inf_shape01_gl0.1,10,16,3,0.1,0.8158649766157088,0.963862651003554,0.6740738144061657,0.9227055421651864
LocationModelLinearDependentWMultiExperiment_1experiments_34clusters_4039locations_10241genes_defaults_ceps16_cps1_fps5_inf_shape01_gl0.1,16,5,1,0.1,0.7744923051113073,0.9492256506392392,0.6474282646509937,0.9114660162083782
LocationModelLinearDependentWMultiExperiment_1experiments_34clusters_4039locations_10241genes_defaults_ceps1_cps25_fps16_inf_shape01_gl0.3,1,16,25,0.3,0.7203436266731488,0.938846305102575,0.6391601157133388,0.9048691081370821
LocationModelLinearDependentWMultiExperiment_1experiments_34clusters_4039locations_10241genes_defaults_ceps16_cps1_fps80_inf_shape01_gl0.3,16,80,1,0.3,0.7789702440906249,0.9568310183677259,0.6599185196922853,0.9119098687422141
LocationModelLinearDependentWMultiExperiment_1experiments_34clusters_4039locations_10241genes_defaults_ceps1_cps16_fps5_inf_shape01_gl0.3,1,5,16,0.3,0.6936897346773936,0.9240229252769151,0.6258277155778633,0.8902134095096551
LocationModelLinearDependentWMultiExperiment_1experiments_34clusters_4039locations_10241genes_defaults_ceps40_cps1_fps5_inf_shape01_gl1.0,40,5,1,1.0,0.760853278498252,0.9547750538630613,0.6538724745451594,0.9106248959532134
LocationModelLinearDependentWMultiExperiment_1experiments_34clusters_4039locations_10241genes_defaults_ceps80_cps1_fps25_inf_shape01_gl3.0,80,25,1,3.0,0.7162953554548929,0.9385765675779356,0.6308133603071454,0.8948546803159967
LocationModelLinearDependentWMultiExperiment_1experiments_34clusters_4039locations_10241genes_defaults_ceps80_cps40_fps25_inf_shape01_gl0.1,80,25,40,0.1,0.8730700140614026,0.9781352161881117,0.704752723474633,0.9343264523725079
LocationModelLinearDependentWMultiExperiment_1experiments_34clusters_4039locations_10241genes_defaults_ceps40_cps5_fps25_inf_shape01_gl2.0,40,25,5,2.0,0.7349917240739017,0.9442139129553629,0.6420316754643393,0.902177040784732
LocationModelLinearDependentWMultiExperiment_1experiments_34clusters_4039locations_10241genes_defaults_ceps40_cps1_fps10_inf_shape01_gl0.1,40,10,1,0.1,0.7773170118622209,0.94428713776639,0.6387589134497029,0.908008345457046
LocationModelLinearDependentWMultiExperiment_1experiments_34clusters_4039locations_10241genes_defaults_ceps16_cps1_fps16_inf_shape01_gl2.0,16,16,1,2.0,0.6341135027849952,0.8683789450319317,0.5826373877471804,0.8394552250989399
LocationModelLinearDependentWMultiExperiment_1experiments_34clusters_4039locations_10241genes_defaults_ceps40_cps3_fps40_inf_shape01_gl0.1,40,40,3,0.1,0.7784742285231404,0.9447251596590402,0.651420148790623,0.9118592225865367
LocationModelLinearDependentWMultiExperiment_1experiments_34clusters_4039locations_10241genes_defaults_ceps3_cps16_fps80_inf_shape01_gl3.0,3,80,16,3.0,0.6293002762841142,0.8587310031678478,0.5803211526415334,0.835961243526983
LocationModelLinearDependentWMultiExperiment_1experiments_34clusters_4039locations_10241genes_defaults_ceps1_cps25_fps5_inf_shape01_gl0.05,1,5,25,0.05,0.7743241367048772,0.953434569348842,0.6772123126609629,0.9208906646207149
LocationModelLinearDependentWMultiExperiment_1experiments_34clusters_4039locations_10241genes_defaults_ceps3_cps3_fps10_inf_shape01_gl1.5,3,10,3,1.5,0.6263681076895478,0.8589191921385263,0.5790319899640399,0.8352468291364781
LocationModelLinearDependentWMultiExperiment_1experiments_34clusters_4039locations_10241genes_defaults_ceps5_cps1_fps25_inf_shape01_gl2.0,5,25,1,2.0,0.6286912531224546,0.8596393768532392,0.5804719099057326,0.8355853883327664
LocationModelLinearDependentWMultiExperiment_1experiments_34clusters_4039locations_10241genes_defaults_ceps3_cps25_fps3_inf_shape01_gl1.0,3,3,25,1.0,0.7014909779411771,0.9308318676307733,0.6309326826197174,0.8947188062707139
LocationModelLinearDependentWMultiExperiment_1experiments_34clusters_4039locations_10241genes_defaults_ceps1_cps80_fps5_inf_shape01_gl0.1,1,5,80,0.1,0.753320189075033,0.9525557509825635,0.670794308919776,0.9228044217974296
LocationModelLinearDependentWMultiExperiment_1experiments_34clusters_4039locations_10241genes_defaults_ceps10_cps1_fps25_inf_shape01_gl0.3,10,25,1,0.3,0.7304782344891009,0.9382518209695593,0.6341893791940508,0.8971750744512563
LocationModelLinearDependentWMultiExperiment_1experiments_34clusters_4039locations_10241genes_defaults_ceps16_cps1_fps5_inf_shape01_gl1.5,16,5,1,1.5,0.6364953486813242,0.8705297278256694,0.5825228006368058,0.8403034225461646
LocationModelLinearDependentWMultiExperiment_1experiments_34clusters_4039locations_10241genes_defaults_ceps40_cps80_fps10_inf_shape01_gl0.1,40,10,80,0.1,0.8663548229022601,0.9770127172315953,0.6925543557789688,0.9296211249357624
LocationModelLinearDependentWMultiExperiment_1experiments_34clusters_4039locations_10241genes_defaults_ceps10_cps5_fps3_inf_shape01_gl1.0,10,3,5,1.0,0.678960960120958,0.9123982754169712,0.6079254899119644,0.8730295649698295
LocationModelLinearDependentWMultiExperiment_1experiments_34clusters_4039locations_10241genes_defaults_ceps25_cps40_fps3_inf_shape01_gl3.0,25,3,40,3.0,0.7553625821840678,0.9525650397971419,0.6534475405375146,0.9105917015097742
LocationModelLinearDependentWMultiExperiment_1experiments_34clusters_4039locations_10241genes_defaults_ceps1_cps3_fps5_inf_shape01_gl0.05,1,5,3,0.05,0.6515323041078506,0.8894386178243906,0.5973818687975522,0.8623563752230723
LocationModelLinearDependentWMultiExperiment_1experiments_34clusters_4039locations_10241genes_defaults_ceps1_cps3_fps3_inf_shape01_gl0.5,1,3,3,0.5,0.6259615995473468,0.8556003107530695,0.5803168605043092,0.8333369925633188
LocationModelLinearDependentWMultiExperiment_1experiments_34clusters_4039locations_10241genes_defaults_ceps1_cps5_fps3_inf_shape01_gl1.5,1,3,5,1.5,0.6231357912371768,0.8540909387010617,0.5801385342704445,0.8330272045654323
LocationModelLinearDependentWMultiExperiment_1experiments_34clusters_4039locations_10241genes_defaults_ceps16_cps40_fps5_inf_shape01_gl0.5,16,5,40,0.5,0.7964696377877639,0.9628654907268679,0.6709944813155178,0.9226913475697486
LocationModelLinearDependentWMultiExperiment_1experiments_34clusters_4039locations_10241genes_defaults_ceps3_cps16_fps3_inf_shape01_gl0.05,3,3,16,0.05,0.8140159735696156,0.9639849738344949,0.6825364879256602,0.9267358220922594
LocationModelLinearDependentWMultiExperiment_1experiments_34clusters_4039locations_10241genes_defaults_ceps1_cps80_fps1_inf_shape01_gl0.3,1,1,80,0.3,0.7227769152322959,0.941027125751248,0.6470593621440894,0.9079559702146721
LocationModelLinearDependentWMultiExperiment_1experiments_34clusters_4039locations_10241genes_defaults_ceps25_cps1_fps3_inf_shape01_gl3.0,25,3,1,3.0,0.6345946682374224,0.8683853386315766,0.5826072043991619,0.8392629345737722
LocationModelLinearDependentWMultiExperiment_1experiments_34clusters_4039locations_10241genes_defaults_ceps16_cps40_fps16_inf_shape01_gl3.0,16,16,40,3.0,0.7281875144372753,0.9445625450869409,0.6431324935370407,0.9053974245454713
LocationModelLinearDependentWMultiExperiment_1experiments_34clusters_4039locations_10241genes_defaults_ceps40_cps1_fps40_inf_shape01_gl0.05,40,40,1,0.05,0.7852219325479108,0.9440859203285102,0.6505776823379684,0.9090686777151286
LocationModelLinearDependentWMultiExperiment_1experiments_34clusters_4039locations_10241genes_defaults_ceps5_cps40_fps10_inf_shape01_gl2.0,5,10,40,2.0,0.6684731006121624,0.9087258159077586,0.6018643912055358,0.8731850219272321
LocationModelLinearDependentWMultiExperiment_1experiments_34clusters_4039locations_10241genes_defaults_ceps80_cps10_fps10_inf_shape01_gl2.0,80,10,10,2.0,0.7968825298434633,0.9633257092673416,0.668423444849886,0.9167470490923905
LocationModelLinearDependentWMultiExperiment_1experiments_34clusters_4039locations_10241genes_defaults_ceps5_cps40_fps40_inf_shape01_gl0.7,5,40,40,0.7,0.7556491256187673,0.9508081268683184,0.6534065473815267,0.9107796894238603
LocationModelLinearDependentWMultiExperiment_1experiments_34clusters_4039locations_10241genes_defaults_ceps25_cps10_fps5_inf_shape01_gl1.5,25,5,10,1.5,0.7436054438783235,0.9526224615599901,0.6476724059519563,0.9092813955901051
LocationModelLinearDependentWMultiExperiment_1experiments_34clusters_4039locations_10241genes_defaults_ceps1_cps25_fps25_inf_shape01_gl0.5,1,25,25,0.5,0.6937623950987586,0.9291934172463128,0.6309092662924057,0.8973360001479777
LocationModelLinearDependentWMultiExperiment_1experiments_34clusters_4039locations_10241genes_defaults_ceps25_cps3_fps10_inf_shape01_gl0.7,25,10,3,0.7,0.7750380203807968,0.9581302460691425,0.6596980680614862,0.9130196006050999
LocationModelLinearDependentWMultiExperiment_1experiments_34clusters_4039locations_10241genes_defaults_ceps10_cps25_fps40_inf_shape01_gl1.0,10,40,25,1.0,0.7639411892159806,0.9531309336826892,0.6559049013985839,0.9110854361842353
LocationModelLinearDependentWMultiExperiment_1experiments_34clusters_4039locations_10241genes_defaults_ceps10_cps3_fps25_inf_shape01_gl0.5,10,25,3,0.5,0.72784760143257,0.94435674355875,0.6406171312667808,0.9022373175511951
LocationModelLinearDependentWMultiExperiment_1experiments_34clusters_4039locations_10241genes_defaults_ceps80_cps1_fps10_inf_shape01_gl1.0,80,10,1,1.0,0.7957045977817336,0.9635616692844234,0.6708124680184258,0.9172502937436819
LocationModelLinearDependentWMultiExperiment_1experiments_34clusters_4039locations_10241genes_defaults_ceps1_cps3_fps25_inf_shape01_gl0.3,1,25,3,0.3,0.628654751936723,0.8607302697133979,0.582151170185604,0.8375888569611021
LocationModelLinearDependentWMultiExperiment_1experiments_34clusters_4039locations_10241genes_defaults_ceps1_cps10_fps25_inf_shape01_gl0.5,1,25,10,0.5,0.6299702096099662,0.859468438538206,0.5826389186343442,0.8361578165575734
LocationModelLinearDependentWMultiExperiment_1experiments_34clusters_4039locations_10241genes_defaults_ceps10_cps80_fps5_inf_shape01_gl0.3,10,5,80,0.3,0.8066688801760143,0.9657868832287436,0.690603933839643,0.9290744319548089
LocationModelLinearDependentWMultiExperiment_1experiments_34clusters_4039locations_10241genes_defaults_ceps1_cps1_fps25_inf_shape01_gl0.3,1,25,1,0.3,0.6256973209659417,0.8568101486934135,0.5777051131253987,0.834335017383353
LocationModelLinearDependentWMultiExperiment_1experiments_34clusters_4039locations_10241genes_defaults_ceps16_cps25_fps80_inf_shape01_gl1.0,16,80,25,1.0,0.7835163480503095,0.9593739821509999,0.6633237880878263,0.9150436574285182
LocationModelLinearDependentWMultiExperiment_1experiments_34clusters_4039locations_10241genes_defaults_ceps40_cps3_fps10_inf_shape01_gl3.0,40,10,3,3.0,0.6388504632078035,0.8750304600737797,0.5826764800471356,0.843153560591621
LocationModelLinearDependentWMultiExperiment_1experiments_34clusters_4039locations_10241genes_defaults_ceps3_cps3_fps40_inf_shape01_gl0.7,3,40,3,0.7,0.6317929213571245,0.8622944095812312,0.5826387488351872,0.8367708180027682
LocationModelLinearDependentWMultiExperiment_1experiments_34clusters_4039locations_10241genes_defaults_ceps25_cps25_fps40_inf_shape01_gl0.1,25,40,25,0.1,0.8524934316627407,0.9722243936334224,0.692015716993799,0.9304709710470466
LocationModelLinearDependentWMultiExperiment_1experiments_34clusters_4039locations_10241genes_defaults_ceps3_cps16_fps3_inf_shape01_gl1.5,3,3,16,1.5,0.6336638065400912,0.8665441025678144,0.5830221767262213,0.8405662437240184
LocationModelLinearDependentWMultiExperiment_1experiments_34clusters_4039locations_10241genes_defaults_ceps80_cps16_fps40_inf_shape01_gl2.0,80,40,16,2.0,0.8037316508673319,0.9648641541026403,0.6721699911045631,0.9199109761619262
LocationModelLinearDependentWMultiExperiment_1experiments_34clusters_4039locations_10241genes_defaults_ceps80_cps80_fps10_inf_shape01_gl0.1,80,10,80,0.1,0.8741251772875575,0.9801349652694841,0.7159466431880057,0.9372910117248163
LocationModelLinearDependentWMultiExperiment_1experiments_34clusters_4039locations_10241genes_defaults_ceps3_cps40_fps80_inf_shape01_gl2.0,3,80,40,2.0,0.6306609492721831,0.8627850278785072,0.5818423984216226,0.839039681333343
LocationModelLinearDependentWMultiExperiment_1experiments_34clusters_4039locations_10241genes_defaults_ceps1_cps3_fps10_inf_shape01_gl0.1,1,10,3,0.1,0.6296648603460634,0.8622173244836263,0.582619735062007,0.8402401701421309
LocationModelLinearDependentWMultiExperiment_1experiments_34clusters_4039locations_10241genes_defaults_ceps16_cps16_fps16_inf_shape01_gl0.3,16,16,16,0.3,0.8212090452945563,0.9662445684561507,0.6832541110446417,0.9250631719813966
LocationModelLinearDependentWMultiExperiment_1experiments_34clusters_4039locations_10241genes_defaults_ceps40_cps40_fps40_inf_shape01_gl0.3,40,40,40,0.3,0.8357790158686469,0.9715251992269777,0.6792529228058566,0.9280519988644323
LocationModelLinearDependentWMultiExperiment_1experiments_34clusters_4039locations_10241genes_defaults_ceps1_cps5_fps16_inf_shape01_gl2.0,1,16,5,2.0,0.6247769497022818,0.854168265066578,0.5795768468758801,0.8325622611950321
LocationModelLinearDependentWMultiExperiment_1experiments_34clusters_4039locations_10241genes_defaults_ceps40_cps5_fps3_inf_shape01_gl0.7,40,3,5,0.7,0.7993291471410525,0.9642532637516679,0.6687854357808352,0.9174082236971733
LocationModelLinearDependentWMultiExperiment_1experiments_34clusters_4039locations_10241genes_defaults_ceps3_cps3_fps5_inf_shape01_gl1.5,3,5,3,1.5,0.6253182081839138,0.8573093320015346,0.5788343901861847,0.8341172127765835
LocationModelLinearDependentWMultiExperiment_1experiments_34clusters_4039locations_10241genes_defaults_ceps40_cps5_fps10_inf_shape01_gl2.0,40,10,5,2.0,0.7280174445670614,0.9470139476979423,0.6406190970955575,0.9032673706864314
LocationModelLinearDependentWMultiExperiment_1experiments_34clusters_4039locations_10241genes_defaults_ceps25_cps16_fps10_inf_shape01_gl0.5,25,10,16,0.5,0.8158620428484616,0.9664548334406975,0.6763398943604563,0.9195242438060494
LocationModelLinearDependentWMultiExperiment_1experiments_34clusters_4039locations_10241genes_defaults_ceps25_cps80_fps25_inf_shape01_gl0.3,25,25,80,0.3,0.837617437958975,0.9736858740050716,0.7100780068780743,0.9369516684078167
LocationModelLinearDependentWMultiExperiment_1experiments_34clusters_4039locations_10241genes_defaults_ceps16_cps40_fps1_inf_shape01_gl0.5,16,1,40,0.5,0.8105085033273302,0.9642144196179764,0.674154290315985,0.9188116188192187
LocationModelLinearDependentWMultiExperiment_1experiments_34clusters_4039locations_10241genes_defaults_ceps5_cps1_fps5_inf_shape01_gl0.3,5,5,1,0.3,0.7033227547611167,0.9292346740591154,0.6280456099992422,0.8897353371437579
LocationModelLinearDependentWMultiExperiment_1experiments_34clusters_4039locations_10241genes_defaults_ceps40_cps80_fps1_inf_shape01_gl1.0,40,1,80,1.0,0.8097863479426564,0.9693156676968807,0.6940714333729268,0.9304918608270182
LocationModelLinearDependentWMultiExperiment_1experiments_34clusters_4039locations_10241genes_defaults_ceps40_cps5_fps40_inf_shape01_gl0.05,40,40,5,0.05,0.7962825111319685,0.9500001206339556,0.6569966967504948,0.9140271152963051
LocationModelLinearDependentWMultiExperiment_1experiments_34clusters_4039locations_10241genes_defaults_ceps25_cps25_fps1_inf_shape01_gl2.0,25,1,25,2.0,0.7679682420237585,0.9557327668362782,0.6574262137471211,0.9123626280831024
LocationModelLinearDependentWMultiExperiment_1experiments_34clusters_4039locations_10241genes_defaults_ceps16_cps80_fps3_inf_shape01_gl1.5,16,3,80,1.5,0.7593570041223924,0.9537333796567721,0.6538785636202769,0.9111749465792635
LocationModelLinearDependentWMultiExperiment_1experiments_34clusters_4039locations_10241genes_defaults_ceps10_cps5_fps25_inf_shape01_gl1.0,10,25,5,1.0,0.6688663754761047,0.9031616953413578,0.6030506494446777,0.8662251262836459
LocationModelLinearDependentWMultiExperiment_1experiments_34clusters_4039locations_10241genes_defaults_ceps10_cps25_fps10_inf_shape01_gl2.0,10,10,25,2.0,0.7154673093777744,0.9403085092779575,0.6350950809334209,0.8997492824290211
LocationModelLinearDependentWMultiExperiment_1experiments_34clusters_4039locations_10241genes_defaults_ceps80_cps80_fps1_inf_shape01_gl0.5,80,1,80,0.5,0.8439983736308755,0.975133722739742,0.7034020171100953,0.9346564264522921
LocationModelLinearDependentWMultiExperiment_1experiments_34clusters_4039locations_10241genes_defaults_ceps80_cps40_fps80_inf_shape01_gl2.0,80,80,40,2.0,0.8042882969562442,0.9653214774281808,0.6667300553693514,0.9193932956472857
LocationModelLinearDependentWMultiExperiment_1experiments_34clusters_4039locations_10241genes_defaults_ceps16_cps5_fps3_inf_shape01_gl0.05,16,3,5,0.05,0.7861052299822667,0.9491957334182596,0.6370887206054378,0.9125152300368898
LocationModelLinearDependentWMultiExperiment_1experiments_34clusters_4039locations_10241genes_defaults_ceps1_cps16_fps16_inf_shape01_gl0.5,1,16,16,0.5,0.6636299206364806,0.9005671002251029,0.6073525415733454,0.8715548751800463
LocationModelLinearDependentWMultiExperiment_1experiments_34clusters_4039locations_10241genes_defaults_ceps40_cps25_fps25_inf_shape01_gl1.5,40,25,25,1.5,0.7978184736224797,0.9642409590882002,0.6659543096685622,0.9163256344742892
LocationModelLinearDependentWMultiExperiment_1experiments_34clusters_4039locations_10241genes_defaults_ceps16_cps5_fps40_inf_shape01_gl0.05,16,40,5,0.05,0.7889301289190646,0.9536232408553431,0.6321755611213206,0.9143881526196467
LocationModelLinearDependentWMultiExperiment_1experiments_34clusters_4039locations_10241genes_defaults_ceps3_cps1_fps16_inf_shape01_gl2.0,3,16,1,2.0,0.6290317089729928,0.857407528041363,0.5799412986690422,0.8346489270413879
LocationModelLinearDependentWMultiExperiment_1experiments_34clusters_4039locations_10241genes_defaults_ceps10_cps5_fps16_inf_shape01_gl0.3,10,16,5,0.3,0.7837463277972531,0.9576064534340868,0.6616302826179874,0.9135050718536051
LocationModelLinearDependentWMultiExperiment_1experiments_34clusters_4039locations_10241genes_defaults_ceps40_cps3_fps16_inf_shape01_gl1.0,40,16,3,1.0,0.7861529647165489,0.9609521155576787,0.6639448656997896,0.914875252426552
LocationModelLinearDependentWMultiExperiment_1experiments_34clusters_4039locations_10241genes_defaults_ceps1_cps10_fps1_inf_shape01_gl0.1,1,1,10,0.1,0.7168861100401972,0.9328773369813042,0.6369473772462464,0.9002095210751542
LocationModelLinearDependentWMultiExperiment_1experiments_34clusters_4039locations_10241genes_defaults_ceps80_cps3_fps5_inf_shape01_gl0.05,80,5,3,0.05,0.7941347067407764,0.9468881264822899,0.6368423524389468,0.904375695153169
LocationModelLinearDependentWMultiExperiment_1experiments_34clusters_4039locations_10241genes_defaults_ceps80_cps80_fps3_inf_shape01_gl0.3,80,3,80,0.3,0.852287414226628,0.9764599724472046,0.7064883080383584,0.9353162338722454
LocationModelLinearDependentWMultiExperiment_1experiments_34clusters_4039locations_10241genes_defaults_ceps3_cps40_fps10_inf_shape01_gl0.5,3,10,40,0.5,0.7587837970835665,0.9524289646952665,0.6573399700683059,0.9139411837086255
LocationModelLinearDependentWMultiExperiment_1experiments_34clusters_4039locations_10241genes_defaults_ceps5_cps25_fps80_inf_shape01_gl0.1,5,80,25,0.1,0.8164818638001982,0.965673004774692,0.6874607880734347,0.9303577560797504
LocationModelLinearDependentWMultiExperiment_1experiments_34clusters_4039locations_10241genes_defaults_ceps25_cps16_fps1_inf_shape01_gl0.7,25,1,16,0.7,0.8036410609024377,0.9641475884065942,0.6710742858001806,0.9183218248539726
LocationModelLinearDependentWMultiExperiment_1experiments_34clusters_4039locations_10241genes_defaults_ceps5_cps1_fps25_inf_shape01_gl0.3,5,25,1,0.3,0.6666414551475057,0.9008987229689466,0.5933014786150298,0.8631303425763072
LocationModelLinearDependentWMultiExperiment_1experiments_34clusters_4039locations_10241genes_defaults_ceps10_cps16_fps80_inf_shape01_gl0.05,10,80,16,0.05,0.8453372963790994,0.9686668982838613,0.695986875210396,0.9301676570714419
LocationModelLinearDependentWMultiExperiment_1experiments_34clusters_4039locations_10241genes_defaults_ceps80_cps25_fps3_inf_shape01_gl0.3,80,3,25,0.3,0.8551483570350012,0.9746022095315302,0.6938861402364782,0.9313884928074014
LocationModelLinearDependentWMultiExperiment_1experiments_34clusters_4039locations_10241genes_defaults_ceps25_cps10_fps5_inf_shape01_gl3.0,25,5,10,3.0,0.6935534152154305,0.9250135713200008,0.6211841312462743,0.885309015940571
LocationModelLinearDependentWMultiExperiment_1experiments_34clusters_4039locations_10241genes_defaults_ceps16_cps80_fps25_inf_shape01_gl3.0,16,25,80,3.0,0.7235736595154831,0.9417429676435605,0.640483909013118,0.9023024799928585
LocationModelLinearDependentWMultiExperiment_1experiments_34clusters_4039locations_10241genes_defaults_ceps16_cps25_fps40_inf_shape01_gl3.0,16,40,25,3.0,0.719436217227225,0.9394237798478565,0.6367595976731311,0.8997317301884865
LocationModelLinearDependentWMultiExperiment_1experiments_34clusters_4039locations_10241genes_defaults_ceps1_cps40_fps1_inf_shape01_gl1.5,1,1,40,1.5,0.6281598377598683,0.8593412903490424,0.5772413240864067,0.8361489097505209
LocationModelLinearDependentWMultiExperiment_1experiments_34clusters_4039locations_10241genes_defaults_ceps5_cps40_fps16_inf_shape01_gl1.0,5,16,40,1.0,0.730541477110835,0.9444590411530677,0.6439688957616638,0.9066984617562213
LocationModelLinearDependentWMultiExperiment_1experiments_34clusters_4039locations_10241genes_defaults_ceps10_cps3_fps25_inf_shape01_gl3.0,10,25,3,3.0,0.6313989701397685,0.8631088094152389,0.5820561338999388,0.8373907760060672
LocationModelLinearDependentWMultiExperiment_1experiments_34clusters_4039locations_10241genes_defaults_ceps10_cps10_fps1_inf_shape01_gl3.0,10,1,10,3.0,0.6343473622031552,0.8666722158286225,0.583846623479631,0.8396995892815926
LocationModelLinearDependentWMultiExperiment_1experiments_34clusters_4039locations_10241genes_defaults_ceps1_cps3_fps10_inf_shape01_gl3.0,1,10,3,3.0,0.6206027097256661,0.8524147298885101,0.574501019946201,0.8312051291949453
LocationModelLinearDependentWMultiExperiment_1experiments_34clusters_4039locations_10241genes_defaults_ceps40_cps10_fps5_inf_shape01_gl0.05,40,5,10,0.05,0.856583453941078,0.9741197943432326,0.6919942462430545,0.9344601751122499
LocationModelLinearDependentWMultiExperiment_1experiments_34clusters_4039locations_10241genes_defaults_ceps3_cps25_fps3_inf_shape01_gl1.5,3,3,25,1.5,0.6404431969720316,0.8778187933226693,0.580636982103729,0.8480087355068354
LocationModelLinearDependentWMultiExperiment_1experiments_34clusters_4039locations_10241genes_defaults_ceps5_cps1_fps16_inf_shape01_gl0.1,5,16,1,0.1,0.7575283210621756,0.9528309170352034,0.6546451180984494,0.9115765571229928
LocationModelLinearDependentWMultiExperiment_1experiments_34clusters_4039locations_10241genes_defaults_ceps10_cps40_fps40_inf_shape01_gl0.3,10,40,40,0.3,0.8005964380081356,0.9627080634148576,0.6758233021425484,0.9232479727463768
LocationModelLinearDependentWMultiExperiment_1experiments_34clusters_4039locations_10241genes_defaults_ceps25_cps5_fps1_inf_shape01_gl3.0,25,1,5,3.0,0.6384204034065354,0.8747815922234526,0.5836498004137209,0.8439451807136865
LocationModelLinearDependentWMultiExperiment_1experiments_34clusters_4039locations_10241genes_defaults_ceps1_cps16_fps3_inf_shape01_gl0.5,1,3,16,0.5,0.6626848699826663,0.8980732344617435,0.6071250577998409,0.868406590313415
LocationModelLinearDependentWMultiExperiment_1experiments_34clusters_4039locations_10241genes_defaults_ceps25_cps40_fps10_inf_shape01_gl3.0,25,10,40,3.0,0.7570381929175044,0.9530831626362862,0.6550194551589086,0.9112979530026195
LocationModelLinearDependentWMultiExperiment_1experiments_34clusters_4039locations_10241genes_defaults_ceps16_cps1_fps80_inf_shape01_gl1.5,16,80,1,1.5,0.6367100527977476,0.8697653910832205,0.5834442396265503,0.840862058288719
LocationModelLinearDependentWMultiExperiment_1experiments_34clusters_4039locations_10241genes_defaults_ceps1_cps25_fps40_inf_shape01_gl2.0,1,40,25,2.0,0.6278627575808906,0.8565003606955273,0.5823795162367821,0.8346288012764681
LocationModelLinearDependentWMultiExperiment_1experiments_34clusters_4039locations_10241genes_defaults_ceps80_cps80_fps10_inf_shape01_gl1.0,80,10,80,1.0,0.830321847260032,0.9741035087592315,0.70399681266309,0.9350506180077545
LocationModelLinearDependentWMultiExperiment_1experiments_34clusters_4039locations_10241genes_defaults_ceps16_cps3_fps80_inf_shape01_gl0.1,16,80,3,0.1,0.7655443622182188,0.9410397923165821,0.6391705698174555,0.9067697966352777
LocationModelLinearDependentWMultiExperiment_1experiments_34clusters_4039locations_10241genes_defaults_ceps16_cps1_fps1_inf_shape01_gl1.5,16,1,1,1.5,0.6369933067704646,0.871018536613612,0.5825526119661443,0.8408700201297861
LocationModelLinearDependentWMultiExperiment_1experiments_34clusters_4039locations_10241genes_defaults_ceps3_cps5_fps80_inf_shape01_gl1.5,3,80,5,1.5,0.6276875255216007,0.8580255357957137,0.5795263061084694,0.835037167321709
LocationModelLinearDependentWMultiExperiment_1experiments_34clusters_4039locations_10241genes_defaults_ceps10_cps40_fps5_inf_shape01_gl2.0,10,5,40,2.0,0.7233922927383437,0.9374078658164385,0.6354566277584943,0.9015318903903795
LocationModelLinearDependentWMultiExperiment_1experiments_34clusters_4039locations_10241genes_defaults_ceps3_cps40_fps10_inf_shape01_gl1.0,3,10,40,1.0,0.6434194595239412,0.8767849603234921,0.5768396968334555,0.8444844547063729
LocationModelLinearDependentWMultiExperiment_1experiments_34clusters_4039locations_10241genes_defaults_ceps80_cps25_fps40_inf_shape01_gl0.3,80,40,25,0.3,0.8541759915192181,0.9748031857014986,0.7017527556348461,0.934807218896746
LocationModelLinearDependentWMultiExperiment_1experiments_34clusters_4039locations_10241genes_defaults_ceps5_cps16_fps80_inf_shape01_gl0.7,5,80,16,0.7,0.7348740603578138,0.9431232613631154,0.641199877892592,0.9036698859848274
LocationModelLinearDependentWMultiExperiment_1experiments_34clusters_4039locations_10241genes_defaults_ceps10_cps1_fps3_inf_shape01_gl3.0,10,3,1,3.0,0.6307786480084229,0.862671511326322,0.58101591394483,0.8369357246200232
LocationModelLinearDependentWMultiExperiment_1experiments_34clusters_4039locations_10241genes_defaults_ceps80_cps25_fps10_inf_shape01_gl0.3,80,10,25,0.3,0.7978118820402856,0.9527281369050634,0.6415465820003019,0.91008717009629
LocationModelLinearDependentWMultiExperiment_1experiments_34clusters_4039locations_10241genes_defaults_ceps5_cps3_fps80_inf_shape01_gl0.05,5,80,3,0.05,0.8057279822311055,0.9604738019238703,0.6714739498880751,0.9166101094471667
LocationModelLinearDependentWMultiExperiment_1experiments_34clusters_4039locations_10241genes_defaults_ceps5_cps5_fps1_inf_shape01_gl0.05,5,1,5,0.05,0.8107186415444576,0.9614967778670467,0.6854419075557904,0.9242753719345906
LocationModelLinearDependentWMultiExperiment_1experiments_34clusters_4039locations_10241genes_defaults_ceps5_cps16_fps5_inf_shape01_gl1.5,5,5,16,1.5,0.6587727135589652,0.892664852331975,0.6003267321979868,0.8607874301026754
LocationModelLinearDependentWMultiExperiment_1experiments_34clusters_4039locations_10241genes_defaults_ceps5_cps1_fps80_inf_shape01_gl3.0,5,80,1,3.0,0.6290556488845431,0.85836849813138,0.5795214955320326,0.835150824613509
LocationModelLinearDependentWMultiExperiment_1experiments_34clusters_4039locations_10241genes_defaults_ceps25_cps10_fps1_inf_shape01_gl1.5,25,1,10,1.5,0.7594293818198979,0.9540007045023003,0.6530639788817945,0.910678960070965
LocationModelLinearDependentWMultiExperiment_1experiments_34clusters_4039locations_10241genes_defaults_ceps1_cps3_fps25_inf_shape01_gl0.7,1,25,3,0.7,0.624738596291692,0.8557999599495267,0.579053222213968,0.8334750581254611
LocationModelLinearDependentWMultiExperiment_1experiments_34clusters_4039locations_10241genes_defaults_ceps5_cps40_fps3_inf_shape01_gl2.0,5,3,40,2.0,0.665813492416916,0.9069050876164418,0.5990280448607695,0.8711167728647589
